Driver Name,Total Points,Races Won,Pole Positions,Avg Lap Time
Lewis Hamilton,4820.5,105,107,96752.70828201211
Nick Heidfeld,259.0,0,1,92514.57860014432
Nico Rosberg,1594.5,23,30,98486.722695099
Fernando Alonso,2329.0,32,23,96208.60932704201
Heikki Kovalainen,105.0,1,1,100620.95779601407
Kazuki Nakajima,9.0,0,0,95103.3509127789
Sébastien Bourdais,6.0,0,0,95072.25470219436
Kimi Räikkönen,1873.0,21,19,93918.77925146325
Robert Kubica,274.0,1,1,95376.17329700272
Timo Glock,51.0,0,0,101818.09896820383
Takuma Sato,44.0,0,0,91514.21721677075
Nelson Piquet Jr.,19.0,0,0,94326.72842438638
Felipe Massa,1167.0,11,16,96249.28840716305
David Coulthard,535.0,13,6,89663.8107216127
Jarno Trulli,246.5,1,4,93661.5261374637
Adrian Sutil,124.0,0,0,100907.27847891067
Mark Webber,1047.5,9,12,95273.10872324991
Jenson Button,1235.0,15,8,95662.16764995083
Anthony Davidson,0.0,0,0,94765.73138548539
Sebastian Vettel,3098.0,53,57,97876.88141474401
Giancarlo Fisichella,275.0,3,4,90985.82943783126
Rubens Barrichello,658.0,11,10,92768.2230519256
Ralf Schumacher,329.0,6,5,90227.54560331661
Vitantonio Liuzzi,26.0,0,0,98683.40578947369
Alexander Wurz,45.0,0,0,91960.8818784212
Scott Speed,0.0,0,0,89131.0747081712
Christijan Albers,4.0,0,0,91653.00546946216
Markus Winkelhock,0.0,0,0,235988.6923076923
Sakon Yamamoto,0.0,0,0,107115.21271393643
Michael Schumacher,1566.0,91,36,92023.12082320778
Juan Pablo Montoya,307.0,7,2,86976.9601382957
Christian Klien,14.0,0,0,90397.10424710425
Tiago Monteiro,7.0,0,0,91498.51842629482
Yuji Ide,0.0,0,0,114121.78620689655
Jacques Villeneuve,235.0,11,7,90217.31513110416
Franck Montagny,0.0,0,0,87851.8125
Pedro de la Rosa,35.0,0,0,97307.13216736772
Robert Doornbos,0.0,0,0,96068.30198915009
Narain Karthikeyan,5.0,0,0,102565.25757575757
Patrick Friesacher,3.0,0,0,90529.8640776699
Ricardo Zonta,3.0,0,0,93419.8210955711
Antônio Pizzonia,8.0,0,0,92190.3080513419
Cristiano da Matta,13.0,0,0,86875.07547169812
Olivier Panis,76.0,1,0,91000.81242573417
Giorgio Pantano,0.0,0,0,89550.81238615664
Gianmaria Bruni,0.0,0,0,93113.38179347826
Zsolt Baumgartner,1.0,0,0,91331.81230448384
Marc Gené,5.0,0,0,92526.34464902186
Heinz-Harald Frentzen,174.0,3,1,91579.23255016292
Jos Verstappen,17.0,0,0,92864.20566842238
Justin Wilson,1.0,0,0,89954.63880597014
Ralph Firman,1.0,0,0,89165.95618153365
Nicolas Kiesa,0.0,0,0,89416.62080536912
Luciano Burti,0.0,0,0,88575.05239520958
Jean Alesi,241.0,1,1,92439.6363449692
Eddie Irvine,191.0,4,0,91436.43708129639
Mika Häkkinen,420.0,20,10,91516.5858382086
Tarso Marques,0.0,0,0,94550.56974248927
Enrique Bernoldi,0.0,0,0,92598.65356004251
Gastón Mazzacane,0.0,0,0,95138.69245463228
Tomáš Enge,0.0,0,0,89210.22891566265
Alex Yoong,0.0,0,0,91378.02480620155
Mika Salo,33.0,0,0,92789.66020966272
Pedro Diniz,10.0,0,0,93658.94419208306
Johnny Herbert,98.0,3,0,91358.5243315508
Allan McNish,0.0,0,0,87315.03286384976
Sébastien Buemi,29.0,0,0,103718.67506785576
Toranosuke Takagi,0.0,0,0,94651.1310832025
Luca Badoer,0.0,0,0,98092.94625719769
Alessandro Zanardi,1.0,0,0,94160.7264957265
Damon Hill,360.0,22,13,92254.74571716493
Stéphane Sarrazin,0.0,0,0,82907.90322580645
Ricardo Rosset,0.0,0,0,94759.5966542751
Esteban Tuero,0.0,0,0,96730.44208809135
Shinji Nakano,2.0,0,0,93824.8834561286
Jan Magnussen,1.0,0,0,93542.74881516588
Gerhard Berger,385.0,10,4,93814.96523388116
Nicola Larini,7.0,0,0,94104.28880866426
Ukyo Katayama,5.0,0,0,95495.80431309904
Vincenzo Sospiri,0.0,0,0,
Gianni Morbidelli,8.5,0,0,89921.91267605634
Norberto Fontana,0.0,0,0,93580.45238095238
Pedro Lamy,1.0,0,0,98066.79566563468
Martin Brundle,98.0,0,0,95444.02695035462
Andrea Montermini,0.0,0,0,99919.84033613445
Giovanni Lavaggi,0.0,0,0,90779.28057553957
Mark Blundell,32.0,0,0,
Aguri Suzuki,8.0,0,0,
Taki Inoue,0.0,0,0,
Roberto Moreno,15.0,0,0,
Karl Wendlinger,14.0,0,0,
Bertrand Gachot,5.0,0,0,
Domenico Schiattarella,0.0,0,0,
Pierluigi Martini,18.0,0,0,
Nigel Mansell,482.0,31,1,
Jean-Christophe Boullion,3.0,0,0,
Massimiliano Papis,0.0,0,0,
Jean-Denis Délétraz,0.0,0,0,
Gabriele Tarquini,1.0,0,0,
Érik Comas,7.0,0,0,
David Brabham,0.0,0,0,
Ayrton Senna,614.0,41,3,
Éric Bernard,10.0,0,0,
Christian Fittipaldi,12.0,0,0,
Michele Alboreto,186.5,5,0,
Olivier Beretta,0.0,0,0,
Roland Ratzenberger,0.0,0,0,
Paul Belmondo,0.0,0,0,
Jyrki Järvilehto,10.0,0,0,
Andrea de Cesaris,59.0,0,0,
Jean-Marc Gounon,0.0,0,0,
Philippe Alliot,7.0,0,0,
Philippe Adams,0.0,0,0,
Yannick Dalmas,0.0,0,0,
Hideki Noda,0.0,0,0,
Franck Lagorce,0.0,0,0,
Alain Prost,798.5,51,0,
Derek Warwick,71.0,0,0,
Riccardo Patrese,281.0,6,0,
Fabrizio Barbazza,2.0,0,0,
Michael Andretti,7.0,0,0,
Ivan Capelli,31.0,0,0,
Thierry Boutsen,132.0,3,0,
Marco Apicella,0.0,0,0,
Emanuele Naspetti,0.0,0,0,
Toshio Suzuki,0.0,0,0,
Maurício Gugelmin,10.0,0,0,
Eric van de Poele,0.0,0,0,
Olivier Grouillard,1.0,0,0,
Andrea Chiesa,0.0,0,0,
Stefano Modena,17.0,0,0,
Giovanna Amati,0.0,0,0,
Alex Caffi,6.0,0,0,
Enrico Bertaggia,0.0,0,0,
Perry McCarthy,0.0,0,0,
Jan Lammers,0.0,0,0,
Nelson Piquet,485.5,23,0,
Satoru Nakajima,16.0,0,0,
Emanuele Pirro,3.0,0,0,
Stefan Johansson,88.0,0,0,
Julian Bailey,1.0,0,0,
Pedro Chaves,0.0,0,0,
Michael Bartels,0.0,0,0,
Naoki Hattori,0.0,0,0,
Alessandro Nannini,65.0,1,0,
Bernd Schneider,0.0,0,0,
Paolo Barilla,0.0,0,0,
Gregor Foitek,0.0,0,0,
Claudio Langes,0.0,0,0,
Gary Brabham,0.0,0,0,
Martin Donnelly,0.0,0,0,
Bruno Giacomelli,14.0,0,0,
Jaime Alguersuari,31.0,0,0,103473.19102075392
Romain Grosjean,391.0,0,0,97769.06713381555
Kamui Kobayashi,125.0,0,0,105235.57042451504
Jonathan Palmer,14.0,0,0,
Christian Danner,4.0,0,0,
Eddie Cheever,70.0,0,0,
Luis Pérez-Sala,1.0,0,0,
Piercarlo Ghinzani,2.0,0,0,
Volker Weidler,0.0,0,0,
Pierre-Henri Raphanel,0.0,0,0,
René Arnoux,181.0,7,0,
Joachim Winkelhock,0.0,0,0,
Oscar Larrauri,0.0,0,0,
Philippe Streiff,11.0,0,0,
Adrián Campos,0.0,0,0,
Jean-Louis Schlesser,0.0,0,0,
Pascal Fabre,0.0,0,0,
Teo Fabi,23.0,0,0,
Franco Forini,0.0,0,0,
Jacques Laffite,228.0,6,0,
Elio de Angelis,122.0,2,0,
Johnny Dumfries,3.0,0,0,
Patrick Tambay,103.0,2,0,
Marc Surer,17.0,0,0,
Keke Rosberg,159.5,5,0,
Alan Jones,206.0,12,0,
Huub Rothengatter,0.0,0,0,
Allen Berg,0.0,0,0,
Manfred Winkelhock,2.0,0,0,
Niki Lauda,420.5,25,0,
François Hesnault,0.0,0,0,
Mauro Baldi,5.0,0,0,
Stefan Bellof,4.0,0,0,
Kenny Acheson,0.0,0,0,
John Watson,169.0,5,0,
Johnny Cecotto,1.0,0,0,
Jo Gartner,0.0,0,0,
Corrado Fabi,0.0,0,0,
Mike Thackwell,0.0,0,0,
Chico Serra,1.0,0,0,
Danny Sullivan,2.0,0,0,
Eliseo Salazar,3.0,0,0,
Roberto Guerrero,0.0,0,0,
Raul Boesel,0.0,0,0,
Jean-Pierre Jarier,31.5,0,0,
Jacques Villeneuve Sr.,0.0,0,0,
Carlos Reutemann,310.0,12,0,
Jochen Mass,71.0,1,0,
Slim Borgudd,1.0,0,0,
Didier Pironi,101.0,3,0,
Gilles Villeneuve,107.0,6,0,
Riccardo Paletti,0.0,0,0,
Brian Henton,0.0,0,0,
Derek Daly,15.0,0,0,
Mario Andretti,180.0,12,0,
Emilio de Villota,0.0,0,0,
Geoff Lees,0.0,0,0,
Tommy Byrne,0.0,0,0,
Rupert Keegan,0.0,0,0,
Hector Rebaque,13.0,0,0,
Beppe Gabbiani,0.0,0,0,
Kevin Cogan,0.0,0,0,
Miguel Ángel Guerra,0.0,0,0,
Siegfried Stohr,0.0,0,0,
Ricardo Zunino,0.0,0,0,
Ricardo Londoño,0.0,0,0,
Jean-Pierre Jabouille,21.0,2,0,
Giorgio Francia,0.0,0,0,
Patrick Depailler,141.0,2,0,
Jody Scheckter,255.0,10,0,
Clay Regazzoni,212.0,5,0,
Emerson Fittipaldi,281.0,14,0,
Dave Kennedy,0.0,0,0,
Stephen South,0.0,0,0,
Tiff Needell,0.0,0,0,
Desiré Wilson,0.0,0,0,
Harald Ertl,0.0,0,0,
Vittorio Brambilla,15.5,1,0,
James Hunt,179.0,10,0,
Arturo Merzario,11.0,0,0,
Hans-Joachim Stuck,29.0,0,0,
Gianfranco Brancatelli,0.0,0,0,
Jacky Ickx,181.0,8,0,
Patrick Gaillard,0.0,0,0,
Alex Ribeiro,0.0,0,0,
Ronnie Peterson,206.0,10,0,
Brett Lunger,0.0,0,0,
Danny Ongais,0.0,0,0,
Lamberto Leoni,0.0,0,0,
Divina Galica,0.0,0,0,
Rolf Stommelen,14.0,0,0,
Alberto Colombo,0.0,0,0,
Tony Trimmer,0.0,0,0,
Hans Binder,0.0,0,0,
Michael Bleekemolen,0.0,0,0,
Carlo Franchi,0.0,0,0,
Bobby Rahal,0.0,0,0,
Carlos Pace,58.0,1,0,
Ian Scheckter,0.0,0,0,
Tom Pryce,19.0,0,0,
Ingo Hoffmann,0.0,0,0,
Renzo Zorzi,1.0,0,0,
Gunnar Nilsson,31.0,1,0,
Larry Perkins,0.0,0,0,
Boy Lunger,0.0,0,0,
Patrick Nève,0.0,0,0,
David Purley,0.0,0,0,
Conny Andersson,0.0,0,0,
Bernard de Dryver,0.0,0,0,
Jackie Oliver,13.0,0,0,
Mikko Kozarowitzky,0.0,0,0,
Andy Sutcliffe,0.0,0,0,
Guy Edwards,0.0,0,0,
Brian McGuire,0.0,0,0,
Vern Schuppan,0.0,0,0,
Hans Heyer,0.0,0,0,
Teddy Pilette,0.0,0,0,
Ian Ashley,0.0,0,0,
Loris Kessel,0.0,0,0,
Kunimitsu Takahashi,0.0,0,0,
Kazuyoshi Hoshino,0.0,0,0,
Noritake Takahara,0.0,0,0,
Lella Lombardi,0.5,0,0,
Bob Evans,0.0,0,0,
Michel Leclère,0.0,0,0,
Chris Amon,83.0,0,0,
Emilio Zapico,0.0,0,0,
Henri Pescarolo,12.0,0,0,
Jac Nelleman,0.0,0,0,
Damien Magee,0.0,0,0,
Mike Wilds,0.0,0,0,
Alessandro Pesenti-Rossi,0.0,0,0,
Otto Stuppacher,0.0,0,0,
Warwick Brown,0.0,0,0,
Masahiro Hasemi,0.0,0,0,
Mark Donohue,8.0,0,0,
Graham Hill,289.0,14,0,
Wilson Fittipaldi,3.0,0,0,
Guy Tunmer,0.0,0,0,
Eddie Keizan,0.0,0,0,
Dave Charlton,0.0,0,0,
Tony Brise,1.0,0,0,
Roelof Wunderink,0.0,0,0,
François Migault,0.0,0,0,
Torsten Palm,0.0,0,0,
Gijs van Lennep,2.0,0,0,
Hiroshi Fushida,0.0,0,0,
John Nicholson,0.0,0,0,
Dave Morgan,0.0,0,0,
Jim Crawford,0.0,0,0,
Jo Vonlanthen,0.0,0,0,
Denny Hulme,248.0,8,0,
Mike Hailwood,29.0,0,0,
Jean-Pierre Beltoise,77.0,1,0,
Howden Ganley,10.0,0,0,
Richard Robarts,0.0,0,0,
Peter Revson,61.0,2,0,
Paddy Driver,0.0,0,0,
Tom Belsø,0.0,0,0,
Brian Redman,8.0,0,0,
Rikky von Opel,0.0,0,0,
Tim Schenken,7.0,0,0,
Gérard Larrousse,0.0,0,0,
Leo Kinnunen,0.0,0,0,
Reine Wisell,13.0,0,0,
Bertil Roos,0.0,0,0,
José Dolhem,0.0,0,0,
Peter Gethin,11.0,1,0,
Derek Bell,1.0,0,0,
David Hobbs,0.0,0,0,
Dieter Quester,0.0,0,0,
Helmuth Koinigg,0.0,0,0,
Carlo Facetti,0.0,0,0,
Eppie Wietzes,0.0,0,0,
François Cevert,89.0,1,0,
Jackie Stewart,360.0,27,0,
Mike Beuttler,0.0,0,0,
Nanni Galli,0.0,0,0,
Luiz Bueno,0.0,0,0,
George Follmer,5.0,0,0,
Andrea de Adamich,6.0,0,0,
Jackie Pretorius,0.0,0,0,
Roger Williamson,0.0,0,0,
Graham McRae,0.0,0,0,
Helmut Marko,0.0,0,0,
David Walker,0.0,0,0,
Alex Soler-Roig,0.0,0,0,
John Love,6.0,0,0,
John Surtees,180.0,6,0,
Skip Barber,0.0,0,0,
Bill Brack,0.0,0,0,
Sam Posey,0.0,0,0,
Pedro Rodríguez,71.0,2,0,
Jo Siffert,68.0,2,0,
Jo Bonnier,39.0,1,0,
François Mazet,0.0,0,0,
Max Jean,0.0,0,0,
Vic Elford,8.0,0,0,
Silvio Moser,3.0,0,0,
George Eaton,0.0,0,0,
Pete Lovely,0.0,0,0,
Chris Craft,0.0,0,0,
John Cannon,0.0,0,0,
Jack Brabham,261.0,14,0,
John Miles,2.0,0,0,
Jochen Rindt,109.0,6,0,
Johnny Servoz-Gavin,9.0,0,0,
Bruce McLaren,196.5,4,0,
Piers Courage,20.0,0,0,
Peter de Klerk,0.0,0,0,
Ignazio Giunti,3.0,0,0,
Dan Gurney,133.0,4,0,
Hubert Hahne,0.0,0,0,
Gus Hutchison,0.0,0,0,
Peter Westbury,0.0,0,0,
Sam Tingle,0.0,0,0,
Basil van Rooyen,0.0,0,0,
Richard Attwood,11.0,0,0,
Al Pease,0.0,0,0,
John Cordts,0.0,0,0,
Jim Clark,274.0,25,0,
Mike Spence,27.0,0,0,
Ludovico Scarfiotti,17.0,1,0,
Lucien Bianchi,6.0,0,0,
Jo Schlesser,0.0,0,0,
Robin Widdows,0.0,0,0,
Kurt Ahrens,0.0,0,0,
Frank Gardner,0.0,0,0,
Bobby Unser,0.0,0,0,
Moisés Solana,0.0,0,0,
Bob Anderson,8.0,0,0,
Luki Botha,0.0,0,0,
Lorenzo Bandini,58.0,1,0,
Richie Ginther,107.0,1,0,
Mike Parkes,14.0,0,0,
Chris Irwin,2.0,0,0,
Guy Ligier,1.0,0,0,
Alan Rees,0.0,0,0,
Brian Hart,0.0,0,0,
Mike Fisher,0.0,0,0,
Tom Jones,0.0,0,0,
Giancarlo Baghetti,14.0,1,0,
Jonathan Williams,0.0,0,0,
Bob Bondurant,3.0,0,0,
Peter Arundell,12.0,0,0,
Vic Wilson,0.0,0,0,
John Taylor,1.0,0,0,
Chris Lawrence,0.0,0,0,
Trevor Taylor,8.0,0,0,
Giacomo Russo,0.0,0,0,
Phil Hill,98.0,3,0,
Innes Ireland,47.0,1,0,
Ronnie Bucknum,2.0,0,0,
Paul Hawkins,0.0,0,0,
David Prophet,0.0,0,0,
Tony Maggs,26.0,0,0,
Trevor Blokdyk,0.0,0,0,
Neville Lederle,1.0,0,0,
Doug Serrurier,0.0,0,0,
Brausch Niemann,0.0,0,0,
Ernie Pieterse,0.0,0,0,
Clive Puzey,0.0,0,0,
Ray Reed,0.0,0,0,
David Clapham,0.0,0,0,
Alex Blignaut,0.0,0,0,
Masten Gregory,21.0,0,0,
John Rhodes,0.0,0,0,
Ian Raby,0.0,0,0,
Alan Rollinson,0.0,0,0,
Brian Gubby,0.0,0,0,
Gerhard Mitter,3.0,0,0,
Roberto Bussinello,0.0,0,0,
Nino Vaccarella,0.0,0,0,
Giorgio Bassi,0.0,0,0,
Maurice Trintignant,72.33,2,0,
Bernard Collomb,0.0,0,0,
André Pilette,2.0,0,0,
Carel Godin de Beaufort,4.0,0,0,
Edgar Barth,0.0,0,0,
Mário de Araújo Cabral,0.0,0,0,
Walt Hansgen,2.0,0,0,
Hap Sharp,0.0,0,0,
Willy Mairesse,7.0,0,0,
John Campbell-Jones,0.0,0,0,
Ian Burgess,0.0,0,0,
Tony Settember,0.0,0,0,
Nasif Estéfano,0.0,0,0,
Jim Hall,3.0,0,0,
Tim Parnell,0.0,0,0,
Kurt Kuhnke,0.0,0,0,
Ernesto Brambilla,0.0,0,0,
Roberto Lippi,0.0,0,0,
Günther Seiffert,0.0,0,0,
Carlo Abate,0.0,0,0,
Gaetano Starrabba,0.0,0,0,
Peter Broeker,0.0,0,0,
Rodger Ward,14.0,1,0,
Ernie de Vos,0.0,0,0,
Frank Dochnal,0.0,0,0,
Thomas Monarch,0.0,0,0,
Jackie Lewis,3.0,0,0,
Ricardo Rodríguez,4.0,0,0,
Wolfgang Seidel,0.0,0,0,
Roy Salvadori,19.0,0,0,
Ben Pon,0.0,0,0,
Rob Slotemaker,0.0,0,0,
Tony Marsh,0.0,0,0,
Gerry Ashmore,0.0,0,0,
Heinz Schiller,0.0,0,0,
Colin Davis,0.0,0,0,
Jay Chamberlain,0.0,0,0,
Tony Shelly,0.0,0,0,
Keith Greene,0.0,0,0,
Heini Walter,0.0,0,0,
Ernesto Prinoth,0.0,0,0,
Roger Penske,0.0,0,0,
Rob Schroeder,0.0,0,0,
Timmy Mayer,0.0,0,0,
Bruce Johnstone,0.0,0,0,
Mike Harris,0.0,0,0,
Gary Hocking,0.0,0,0,
Syd van der Vyver,0.0,0,0,
Stirling Moss,186.5,16,0,
Wolfgang von Trips,56.0,2,0,
Cliff Allison,11.0,0,0,
Hans Herrmann,10.0,0,0,
Tony Brooks,75.0,6,0,
Michael May,0.0,0,0,
Henry Taylor,3.0,0,0,
Olivier Gendebien,18.0,0,0,
Giorgio Scarlatti,1.0,0,0,
Brian Naylor,0.0,0,0,
Juan Manuel Bordeu,0.0,0,0,
Jack Fairman,5.0,0,0,
Massimo Natili,0.0,0,0,
Peter Monteverdi,0.0,0,0,
Renato Pirocchi,0.0,0,0,
Geoff Duke,0.0,0,0,
Alfonso Thiele,0.0,0,0,
Menato Boffa,0.0,0,0,
Peter Ryan,0.0,0,0,
Lloyd Ruby,0.0,0,0,
Ken Miles,0.0,0,0,
Carlos Menditeguy,9.0,0,0,
Alberto Rodriguez Larreta,0.0,0,0,
José Froilán González,77.64,2,0,
Roberto Bonomi,0.0,0,0,
Gino Munaron,0.0,0,0,
Harry Schell,32.0,0,0,
Alan Stacey,0.0,0,0,
Ettore Chimeri,0.0,0,0,
Antonio Creus,0.0,0,0,
Chris Bristow,0.0,0,0,
Bruce Halford,0.0,0,0,
Chuck Daigh,0.0,0,0,
Lance Reventlow,0.0,0,0,
Jim Rathmann,29.0,1,0,
Paul Goldsmith,6.0,0,0,
Don Branson,3.0,0,0,
Johnny Thomson,10.0,0,0,
Eddie Johnson,1.0,0,0,
Bob Veith,0.0,0,0,
Bud Tingelstad,0.0,0,0,
Bob Christie,0.0,0,0,
Red Amick,0.0,0,0,
Duane Carter,6.5,0,0,
Bill Homeier,1.0,0,0,
Gene Hartley,0.0,0,0,
Chuck Stevenson,0.0,0,0,
Bobby Grim,0.0,0,0,
Shorty Templeman,0.0,0,0,
Jim Hurtubise,0.0,0,0,
Jimmy Bryan,18.0,1,0,
Troy Ruttman,9.5,1,0,
Eddie Sachs,0.0,0,0,
Don Freeland,4.0,0,0,
Tony Bettenhausen,11.0,0,0,
Wayne Weiler,0.0,0,0,
Anthony Foyt,0.0,0,0,
Eddie Russo,0.0,0,0,
Johnny Boyd,4.0,0,0,
Gene Force,0.0,0,0,
Jim McWithey,0.0,0,0,
Len Sutton,0.0,0,0,
Dick Rathmann,2.0,0,0,
Al Herman,0.0,0,0,
Dempsey Wilson,0.0,0,0,
Mike Taylor,0.0,0,0,
Ron Flockhart,5.0,0,0,
David Piper,0.0,0,0,
Giulio Cabianca,3.0,0,0,
Piero Drogo,0.0,0,0,
Fred Gamble,0.0,0,0,
Arthur Owen,0.0,0,0,
Horace Gould,2.0,0,0,
Bob Drake,0.0,0,0,
Ivor Bueb,0.0,0,0,
Alain de Changy,0.0,0,0,
Maria de Filippis,0.0,0,0,
Jean Lucienbonnet,0.0,0,0,
André Testut,0.0,0,0,
Jean Behra,51.0,0,0,
Paul Russo,8.5,0,0,
Jimmy Daywalt,0.0,0,0,
Chuck Arnold,0.0,0,0,
Al Keller,0.0,0,0,
Pat Flaherty,8.0,1,0,
Bill Cheesbourg,0.0,0,0,
Ray Crawford,0.0,0,0,
Jack Turner,0.0,0,0,
Chuck Weyant,0.0,0,0,
Jud Larson,0.0,0,0,
Mike Magill,0.0,0,0,
Carroll Shelby,0.0,0,0,
Fritz d'Orey,0.0,0,0,
Azdrubal Fontes,0.0,0,0,
Peter Ashdown,0.0,0,0,
Bill Moss,0.0,0,0,
Dennis Taylor,0.0,0,0,
Harry Blanchard,0.0,0,0,
Alessandro de Tomaso,0.0,0,0,
George Constantine,0.0,0,0,
Bob Said,0.0,0,0,
Phil Cade,0.0,0,0,
Luigi Musso,44.0,1,0,
Mike Hawthorn,127.64,3,0,
Juan Fangio,279.14,24,0,
Paco Godia,6.0,0,0,
Peter Collins,47.0,3,0,
Ken Kavanagh,0.0,0,0,
Gerino Gerini,1.5,0,0,
Bruce Kessler,0.0,0,0,
Paul Emery,0.0,0,0,
Luigi Piotti,0.0,0,0,
Bernie Ecclestone,0.0,0,0,
Luigi Taramazzo,0.0,0,0,
Louis Chiron,4.0,0,0,
Stuart Lewis-Evans,16.0,0,0,
George Amick,6.0,0,0,
Jimmy Reece,0.0,0,0,
Johnnie Parsons,12.0,1,0,
Johnnie Tolan,0.0,0,0,
Billy Garrett,0.0,0,0,
Ed Elisian,0.0,0,0,
Pat O'Connor,0.0,0,0,
Jerry Unser,0.0,0,0,
Art Bisch,0.0,0,0,
Christian Goethals,0.0,0,0,
Dick Gibson,0.0,0,0,
Robert La Caze,0.0,0,0,
André Guelfi,0.0,0,0,
François Picard,0.0,0,0,
Tom Bridger,0.0,0,0,
Alfonso de Portago,4.0,0,0,
Cesare Perdisa,5.0,0,0,
Eugenio Castellotti,19.5,0,0,
André Simon,0.0,0,0,
Les Leston,0.0,0,0,
Sam Hanks,20.0,1,0,
Andy Linden,5.0,0,0,
Marshall Teague,0.0,0,0,
Don Edmunds,0.0,0,0,
Fred Agabashian,1.5,0,0,
Elmer George,0.0,0,0,
Mike MacDowel,0.0,0,0,
Herbert MacKay-Fraser,0.0,0,0,
Bob Gerard,0.0,0,0,
Umberto Maglioli,3.33,0,0,
Paul England,0.0,0,0,
Chico Landi,1.5,0,0,
Alberto Uria,0.0,0,0,
Hernando da Silva Ramos,2.0,0,0,
Élie Bayol,2.0,0,0,
Robert Manzon,16.0,0,0,
Louis Rosier,18.0,0,0,
Bob Sweikert,8.0,1,0,
Cliff Griffith,0.0,0,0,
Duke Dinsmore,0.0,0,0,
Keith Andrews,0.0,0,0,
Paul Frère,11.0,0,0,
Luigi Villoresi,49.0,0,0,
Piero Scotti,0.0,0,0,
Colin Chapman,0.0,0,0,
Desmond Titterington,0.0,0,0,
Archie Scott Brown,0.0,0,0,
Ottorino Volonterio,0.0,0,0,
André Milhoux,0.0,0,0,
Toulo de Graffenried,9.0,0,0,
Piero Taruffi,41.0,1,0,
Nino Farina,127.33,5,0,
Roberto Mieres,13.0,0,0,
Sergio Mantovani,4.0,0,0,
Clemar Bucci,0.0,0,0,
Jesús Iglesias,0.0,0,0,
Alberto Ascari,140.0,13,0,
Karl Kling,17.0,0,0,
Pablo Birger,0.0,0,0,
Jacques Pollet,0.0,0,0,
Lance Macklin,0.0,0,0,
Ted Whiteaway,0.0,0,0,
Jimmy Davies,4.0,0,0,
Walt Faulkner,1.0,0,0,
Cal Niday,0.0,0,0,
Art Cross,8.0,0,0,
Bill Vukovich,19.0,2,0,
Jack McGrath,9.0,0,0,
Jerry Hoyt,0.0,0,0,
Johnny Claes,0.0,0,0,
Peter Walker,0.0,0,0,
Mike Sparken,0.0,0,0,
Ken Wharton,3.0,0,0,
Kenneth McAlpine,0.0,0,0,
Leslie Marr,0.0,0,0,
Tony Rolt,0.0,0,0,
John Fitch,0.0,0,0,
Jean Lucas,0.0,0,0,
Prince Bira,8.0,0,0,
Onofre Marimón,8.14,0,0,
Roger Loyer,0.0,0,0,
Jorge Daponte,0.0,0,0,
Mike Nazaruk,8.0,0,0,
Larry Crockett,0.0,0,0,
Manny Ayulo,2.0,0,0,
Frank Armi,0.0,0,0,
Travis Webb,0.0,0,0,
Len Duncan,0.0,0,0,
Ernie McCoy,0.0,0,0,
Jacques Swaters,0.0,0,0,
Georges Berger,0.0,0,0,
Don Beauman,0.0,0,0,
Leslie Thorne,0.0,0,0,
Bill Whitehouse,0.0,0,0,
John Riseley-Prichard,0.0,0,0,
Reg Parnell,9.0,0,0,
Peter Whitehead,4.0,0,0,
Eric Brandon,0.0,0,0,
Alan Brown,2.0,0,0,
Rodney Nuckey,0.0,0,0,
Hermann Lang,2.0,0,0,
Theo Helfrich,0.0,0,0,
Fred Wacker,0.0,0,0,
Giovanni de Riu,0.0,0,0,
Oscar Gálvez,2.0,0,0,
John Barber,0.0,0,0,
Felice Bonetto,17.5,0,0,
Adolfo Cruz,0.0,0,0,
Duke Nalon,0.0,0,0,
Carl Scarborough,0.0,0,0,
Bill Holland,6.0,0,0,
Bob Scott,0.0,0,0,
Arthur Legat,0.0,0,0,
Yves Cabantous,5.0,0,0,
Tony Crook,0.0,0,0,
Jimmy Stewart,0.0,0,0,
Ian Stewart,0.0,0,0,
Duncan Hamilton,0.0,0,0,
Ernst Klodwig,0.0,0,0,
Rudolf Krause,0.0,0,0,
Oswald Karch,0.0,0,0,
Willi Heeks,0.0,0,0,
Theo Fitzau,0.0,0,0,
Kurt Adolff,0.0,0,0,
Günther Bechem,0.0,0,0,
Erwin Bauer,0.0,0,0,
Hans von Stuck,0.0,0,0,
Ernst Loof,0.0,0,0,
Albert Scherrer,0.0,0,0,
Max de Terra,0.0,0,0,
Peter Hirt,0.0,0,0,
Piero Carini,0.0,0,0,
Rudi Fischer,10.0,0,0,
Toni Ulmen,0.0,0,0,
George Abecassis,0.0,0,0,
George Connor,0.0,0,0,
Jim Rigsby,0.0,0,0,
Joe James,0.0,0,0,
Bill Schindler,0.0,0,0,
George Fonder,0.0,0,0,
Henry Banks,0.0,0,0,
Johnny McDowell,0.0,0,0,
Chet Miller,0.0,0,0,
Bobby Ball,2.0,0,0,
Charles de Tornaco,0.0,0,0,
Roger Laurent,0.0,0,0,
Robert O'Brien,0.0,0,0,
Tony Gaze,0.0,0,0,
Robin Montgomerie-Charrington,0.0,0,0,
Franco Comotti,0.0,0,0,
Philippe Étancelin,3.0,0,0,
Dennis Poore,3.0,0,0,
Eric Thompson,2.0,0,0,
Ken Downing,0.0,0,0,
Graham Whitehead,0.0,0,0,
Gino Bianco,0.0,0,0,
David Murray,0.0,0,0,
Eitel Cantoni,0.0,0,0,
Bill Aston,0.0,0,0,
Adolf Brudes,0.0,0,0,
Fritz Riess,0.0,0,0,
Helmut Niedermayr,0.0,0,0,
Hans Klenk,0.0,0,0,
Marcel Balsa,0.0,0,0,
Rudolf Schoeller,0.0,0,0,
Paul Pietsch,0.0,0,0,
Josef Peters,0.0,0,0,
Dries van der Lof,0.0,0,0,
Jan Flinterman,0.0,0,0,
Piero Dusio,0.0,0,0,
Alberto Crespo,0.0,0,0,
Franco Rol,0.0,0,0,
Consalvo Sanesi,3.0,0,0,
Guy Mairesse,0.0,0,0,
Henri Louveau,0.0,0,0,
Lee Wallard,9.0,1,0,
Carl Forberg,0.0,0,0,
Mauri Rose,4.0,0,0,
Bill Mackey,0.0,0,0,
Cecil Green,3.0,0,0,
Walt Brown,0.0,0,0,
Mack Hellings,0.0,0,0,
Pierre Levegh,0.0,0,0,
Eugène Chaboud,1.0,0,0,
Aldo Gordini,0.0,0,0,
Joe Kelly,0.0,0,0,
Philip Fotheringham-Parker,0.0,0,0,
Brian Shawe Taylor,0.0,0,0,
John James,0.0,0,0,
Toni Branca,0.0,0,0,
Ken Richardson,0.0,0,0,
Juan Jover,0.0,0,0,
Georges Grignard,0.0,0,0,
David Hampshire,0.0,0,0,
Geoff Crossley,0.0,0,0,
Luigi Fagioli,32.0,1,0,
Cuth Harrison,0.0,0,0,
Joe Fry,0.0,0,0,
Eugène Martin,0.0,0,0,
Leslie Johnson,0.0,0,0,
Clemente Biondetti,0.0,0,0,
Alfredo Pián,0.0,0,0,
Raymond Sommer,3.0,0,0,
Joie Chitwood,1.0,0,0,
Myron Fohr,0.0,0,0,
Walt Ader,0.0,0,0,
Jackie Holmes,0.0,0,0,
Bayliss Levrett,0.0,0,0,
Jimmy Jackson,0.0,0,0,
Nello Pagani,0.0,0,0,
Charles Pozzi,0.0,0,0,
Dorino Serafini,3.0,0,0,
Bill Cantrell,0.0,0,0,
Johnny Mantz,0.0,0,0,
Danny Kladis,0.0,0,0,
Óscar González,0.0,0,0,
Nico Hülkenberg,563.0,0,1,98356.89779424145
Vitaly Petrov,64.0,0,0,104544.72283517219
Lucas di Grassi,0.0,0,0,108922.46866840731
Bruno Senna,33.0,0,0,104977.74590163934
Karun Chandhok,0.0,0,0,101723.64915572232
Pastor Maldonado,76.0,1,0,103471.58930552474
Paul di Resta,121.0,0,0,103049.4317904994
Sergio Pérez,1585.0,6,3,98009.26350784326
Jérôme d'Ambrosio,0.0,0,0,110940.72291466923
Daniel Ricciardo,1320.0,8,3,98227.58247823933
Jean-Éric Vergne,51.0,0,0,102204.6794657763
Charles Pic,0.0,0,0,102787.49236076885
Max Chilton,0.0,0,0,104689.90661686232
Esteban Gutiérrez,6.0,0,0,102193.6085106383
Valtteri Bottas,1788.0,10,19,97318.8505158358
Giedo van der Garde,0.0,0,0,103390.9119226638
Jules Bianchi,2.0,0,0,104306.18871151653
Kevin Magnussen,196.0,0,1,96987.91898989899
Daniil Kvyat,202.0,0,0,98504.52487135505
André Lotterer,0.0,0,0,129985.0
Marcus Ericsson,18.0,0,0,98732.8673740053
Will Stevens,0.0,0,0,101773.11987041037
Max Verstappen,2912.5,63,43,95693.98842551687
Felipe Nasr,29.0,0,0,101964.85836330935
Carlos Sainz,1203.5,4,5,96419.3441856282
Roberto Merhi,0.0,0,0,100870.10447761194
Alexander Rossi,0.0,0,0,102816.82450331126
Jolyon Palmer,9.0,0,0,99547.5737217598
Pascal Wehrlein,6.0,0,0,99908.99248496995
Rio Haryanto,0.0,0,0,94688.58592471358
Stoffel Vandoorne,26.0,0,0,96398.24694154962
Esteban Ocon,440.0,1,0,97029.13959666707
Lance Stroll,286.0,0,1,95922.82069728832
Antonio Giovinazzi,21.0,0,0,94894.40368852459
Pierre Gasly,426.0,1,0,96090.06466763005
Brendon Hartley,4.0,0,0,95627.91765704584
Charles Leclerc,1363.0,8,23,95584.53921815888
Sergey Sirotkin,1.0,0,0,93758.17531305904
Lando Norris,950.0,4,9,96429.62864576202
George Russell,664.0,3,4,95362.81379406826
Alexander Albon,238.0,0,0,94918.97440909898
Nicholas Latifi,9.0,0,0,97352.13523459062
Pietro Fittipaldi,0.0,0,0,80792.57142857143
Jack Aitken,0.0,0,0,63319.402298850575
Yuki Tsunoda,87.0,0,0,98711.04211663066
Nikita Mazepin,0.0,0,0,99968.55555555556
Mick Schumacher,12.0,0,0,98270.78173034695
Guanyu Zhou,16.0,0,0,96468.95998903809
Nyck de Vries,2.0,0,0,92335.61074918567
Oscar Piastri,347.0,2,0,96402.15100798784
Logan Sargeant,1.0,0,0,97034.00523286237
Liam Lawson,6.0,0,0,100862.63538461538
Oliver Bearman,7.0,0,0,107227.06470588235
Franco Colapinto,5.0,0,0,96557.14105793451
Jack Doohan,0.0,0,0,91576.24561403508
